uzemni_celek;sezona;demografie;pocet_vakcinovanych;proockovanost
Benešov;2010-2011;14727;1552;0.10538466761730156
Benešov;2011-2012;15455;1789;0.11575541895826594
Benešov;2012-2013;16075;1862;0.11583203732503888
Benešov;2013-2014;16766;2181;0.13008469521650962
Benešov;2014-2015;17526;2240;0.12781011069268516
Benešov;2015-2016;18126;2505;0.13819927176431646
Benešov;2016-2017;18737;2859;0.15258579281635268
Benešov;2017-2018;19339;3021;0.1562128341692952
Benešov;2018-2019;19887;3335;0.1676974908231508
Benešov;2019-2020;20444;3882;0.18988456270788495
Benešov;2020-2021;20742;4114;0.19834152926429466
Benešov;2021-2022;20913;4716;0.22550566633194663
Benešov;2022-2023;21431;4627;0.21590219775092157
Benešov;2023-2024;21912;5162;0.23557867834976268
Benešov;2024-2025;22196;4965;0.22368895296449812
Beroun;2010-2011;12991;1712;0.1317835424524671
Beroun;2011-2012;13631;1703;0.12493580808451324
Beroun;2012-2013;14317;1914;0.1336872249772997
Beroun;2013-2014;14781;2294;0.15519924227048237
Beroun;2014-2015;15257;2267;0.1485875335911385
Beroun;2015-2016;15738;2401;0.15256068115389504
Beroun;2016-2017;16239;2654;0.16343370897222737
Beroun;2017-2018;16676;2935;0.17600143919405134
Beroun;2018-2019;17067;3190;0.18691041190601745
Beroun;2019-2020;17495;3560;0.20348671048871106
Beroun;2020-2021;17846;3748;0.21001905188837836
Beroun;2021-2022;18041;4076;0.22592982650629123
Beroun;2022-2023;18382;4109;0.22353389185072353
Beroun;2023-2024;18617;4752;0.25525057742923135
Beroun;2024-2025;18798;4646;0.24715395254814343
Blansko;2010-2011;17348;2067;0.11914918146183998
Blansko;2011-2012;18043;2120;0.11749709028432079
Blansko;2012-2013;18686;2303;0.12324735095793642
Blansko;2013-2014;19306;2754;0.1426499533823682
Blansko;2014-2015;19876;2856;0.14369088347756087
Blansko;2015-2016;20402;2994;0.14675031859621607
Blansko;2016-2017;20942;3358;0.1603476267787222
Blansko;2017-2018;21483;3695;0.17199646231904298
Blansko;2018-2019;21934;3966;0.18081517279110057
Blansko;2019-2020;22408;4589;0.20479293109603713
Blansko;2020-2021;22701;5137;0.22628959076692656
Blansko;2021-2022;22883;5226;0.22837914609098459
Blansko;2022-2023;23300;4960;0.2128755364806867
Blansko;2023-2024;23666;5550;0.2345136482717823
Blansko;2024-2025;23905;5385;0.2252666806107509
Brno-město;2010-2011;66299;10500;0.15837342946349114
Brno-město;2011-2012;69811;11117;0.15924424517626162
Brno-město;2012-2013;71607;11527;0.16097588224614912
Brno-město;2013-2014;73029;13658;0.18702159416122363
Brno-město;2014-2015;74239;13344;0.17974380042834628
Brno-město;2015-2016;75120;13861;0.1845181043663472
Brno-město;2016-2017;76382;14583;0.19092194496085466
Brno-město;2017-2018;77474;15827;0.2042878901308826
Brno-město;2018-2019;78395;16730;0.2134064672491868
Brno-město;2019-2020;79457;18269;0.22992310306203356
Brno-město;2020-2021;79962;20242;0.25314524399089566
Brno-město;2021-2022;80472;20553;0.25540560691917685
Brno-město;2022-2023;81287;20068;0.24687834463075276
Brno-město;2023-2024;81886;21189;0.25876218156949904
Brno-město;2024-2025;82315;20668;0.2510842495292474
Brno-venkov;2010-2011;31650;5552;0.17541864139020538
Brno-venkov;2011-2012;32883;5873;0.1786029255238269
Brno-venkov;2012-2013;34132;5861;0.1717156920192195
Brno-venkov;2013-2014;35326;6894;0.19515371114759666
Brno-venkov;2014-2015;36481;6818;0.18689180669389546
Brno-venkov;2015-2016;37445;7089;0.18931766591000135
Brno-venkov;2016-2017;38616;7365;0.19072405220633934
Brno-venkov;2017-2018;39606;7994;0.20183810533757512
Brno-venkov;2018-2019;40466;8483;0.20963277813473039
Brno-venkov;2019-2020;41315;9550;0.23115091371172697
Brno-venkov;2020-2021;41956;10705;0.25514825054819334
Brno-venkov;2021-2022;42096;10532;0.250190041809198
Brno-venkov;2022-2023;42810;9972;0.23293622985283813
Brno-venkov;2023-2024;43466;10879;0.2502875810978696
Brno-venkov;2024-2025;44018;10447;0.23733472670271252
Bruntál;2010-2011;13465;2371;0.1760861492759005
Bruntál;2011-2012;14206;2543;0.17900886949176403
Bruntál;2012-2013;15102;2988;0.19785458879618595
Bruntál;2013-2014;15902;3383;0.2127405357816627
Bruntál;2014-2015;16601;3493;0.210409011505331
Bruntál;2015-2016;17244;3850;0.22326606355833914
Bruntál;2016-2017;17946;4203;0.2342026078234704
Bruntál;2017-2018;18478;4367;0.23633510120142873
Bruntál;2018-2019;19053;4811;0.2525061670078203
Bruntál;2019-2020;19469;4898;0.2515794339719554
Bruntál;2020-2021;19753;4972;0.25170860122513034
Bruntál;2021-2022;19982;5454;0.2729456510859774
Bruntál;2022-2023;20366;5030;0.24698026121967986
Bruntál;2023-2024;20611;5234;0.2539420697685702
Bruntál;2024-2025;20805;5192;0.24955539533765922
Břeclav;2010-2011;16807;2319;0.13797822335931456
Břeclav;2011-2012;17599;2376;0.1350076708903915
Břeclav;2012-2013;18427;2654;0.14402778531502686
Břeclav;2013-2014;19213;3147;0.1637953469005361
Břeclav;2014-2015;19869;3232;0.16266545875484423
Břeclav;2015-2016;20597;3367;0.16347040831189008
Břeclav;2016-2017;21256;3948;0.185735792246895
Břeclav;2017-2018;21884;4203;0.19205812465728386
Břeclav;2018-2019;22521;4849;0.21531015496647574
Břeclav;2019-2020;23151;5388;0.23273292730335624
Břeclav;2020-2021;23663;5518;0.2331910577695136
Břeclav;2021-2022;23886;5796;0.2426525998492841
Břeclav;2022-2023;24444;5742;0.2349042709867452
Břeclav;2023-2024;24858;5681;0.2285380963874809
Břeclav;2024-2025;25235;5741;0.22750148603130574
Cheb;2010-2011;13140;1988;0.1512937595129376
Cheb;2011-2012;13767;1885;0.1369216241737488
Cheb;2012-2013;14529;2106;0.14495147635762956
Cheb;2013-2014;15164;2468;0.16275389079398575
Cheb;2014-2015;15744;2524;0.1603150406504065
Cheb;2015-2016;16424;2796;0.17023867510959573
Cheb;2016-2017;17146;3093;0.18039192814650648
Cheb;2017-2018;17559;3183;0.18127456005467282
Cheb;2018-2019;18024;3392;0.18819351975144252
Cheb;2019-2020;18503;3770;0.20375074312273686
Cheb;2020-2021;18786;3714;0.1977004152028106
Cheb;2021-2022;18518;4408;0.2380386650826223
Cheb;2022-2023;18989;4198;0.22107535941861078
Cheb;2023-2024;19290;4548;0.23576982892690512
Cheb;2024-2025;19441;4329;0.2226737307751659
Chomutov;2010-2011;16046;3880;0.24180481116789232
Chomutov;2011-2012;16847;4333;0.2571971270849409
Chomutov;2012-2013;17751;4443;0.2502957579854656
Chomutov;2013-2014;18646;4888;0.26214737745360933
Chomutov;2014-2015;19433;4985;0.2565224103329388
Chomutov;2015-2016;20128;5223;0.25948926868044514
Chomutov;2016-2017;20925;6050;0.2891278375149343
Chomutov;2017-2018;21630;6188;0.286084142394822
Chomutov;2018-2019;22225;7076;0.3183802024746907
Chomutov;2019-2020;22759;7425;0.3262445625906235
Chomutov;2020-2021;23078;7509;0.3253748158419274
Chomutov;2021-2022;23230;8287;0.35673697804563065
Chomutov;2022-2023;23773;7869;0.33100576284019684
Chomutov;2023-2024;24133;8717;0.36120664650064227
Chomutov;2024-2025;24371;8315;0.34118419432932584
Chrudim;2010-2011;16669;2434;0.14601955726198332
Chrudim;2011-2012;17312;2814;0.16254621072088724
Chrudim;2012-2013;17800;3048;0.17123595505617978
Chrudim;2013-2014;18371;3426;0.1864895759621142
Chrudim;2014-2015;18912;3760;0.1988155668358714
Chrudim;2015-2016;19392;3963;0.20436262376237624
Chrudim;2016-2017;19992;4563;0.22824129651860744
Chrudim;2017-2018;20633;4748;0.23011680317937286
Chrudim;2018-2019;21151;5302;0.25067372701054325
Chrudim;2019-2020;21676;5648;0.26056467983022696
Chrudim;2020-2021;22055;5446;0.24692813420992973
Chrudim;2021-2022;22317;6031;0.2702424160953533
Chrudim;2022-2023;22702;5827;0.2566734208439785
Chrudim;2023-2024;23047;6296;0.2731808912222849
Chrudim;2024-2025;23278;6214;0.26694733224503825
Domažlice;2010-2011;8926;979;0.10967958772126372
Domažlice;2011-2012;9338;1026;0.1098736346112658
Domažlice;2012-2013;9844;1006;0.10219422998780983
Domažlice;2013-2014;10242;1144;0.11169693419254052
Domažlice;2014-2015;10678;1117;0.10460760442030342
Domažlice;2015-2016;11014;1162;0.1055020882513165
Domažlice;2016-2017;11364;1294;0.11386835621260119
Domažlice;2017-2018;11790;1301;0.11034775233248516
Domažlice;2018-2019;12087;1532;0.12674774551170678
Domažlice;2019-2020;12397;1831;0.14769702347342098
Domažlice;2020-2021;12459;1851;0.14856730074644836
Domažlice;2021-2022;11402;2015;0.17672338186283107
Domažlice;2022-2023;11653;2018;0.17317428988243372
Domažlice;2023-2024;11826;2118;0.17909690512430237
Domažlice;2024-2025;11922;2200;0.18453279651065257
Děčín;2010-2011;19065;2810;0.14739050616312616
Děčín;2011-2012;20065;2900;0.1445302766010466
Děčín;2012-2013;21388;3063;0.14321114643725452
Děčín;2013-2014;22455;3865;0.1721220218214206
Děčín;2014-2015;23443;3729;0.15906667235422087
Děčín;2015-2016;24382;4240;0.17389877778689197
Děčín;2016-2017;25263;4603;0.18220322210347148
Děčín;2017-2018;26028;4517;0.1735438758260335
Děčín;2018-2019;26639;5098;0.19137355005818538
Děčín;2019-2020;27254;5645;0.20712555955089162
Děčín;2020-2021;27373;5639;0.20600591824060205
Děčín;2021-2022;27487;6393;0.23258267544657474
Děčín;2022-2023;27844;6086;0.21857491739692572
Děčín;2023-2024;27950;6446;0.23062611806797853
Děčín;2024-2025;27880;6182;0.22173601147776184
Frýdek-Místek;2010-2011;31978;2801;0.08759146913503034
Frýdek-Místek;2011-2012;32956;3412;0.10353198203665494
Frýdek-Místek;2012-2013;34122;3600;0.10550378055213645
Frýdek-Místek;2013-2014;35304;4414;0.12502832540222072
Frýdek-Místek;2014-2015;36557;4618;0.12632327597997647
Frýdek-Místek;2015-2016;37651;4831;0.1283100050463467
Frýdek-Místek;2016-2017;38951;5347;0.13727503786809067
Frýdek-Místek;2017-2018;40045;5652;0.14114121613185165
Frýdek-Místek;2018-2019;41139;6243;0.15175381025304455
Frýdek-Místek;2019-2020;42071;6952;0.16524446768557913
Frýdek-Místek;2020-2021;42529;7485;0.17599755460979566
Frýdek-Místek;2021-2022;42940;7996;0.18621332091290171
Frýdek-Místek;2022-2023;43769;8086;0.18474262605953987
Frýdek-Místek;2023-2024;44348;8922;0.2011815639938667
Frýdek-Místek;2024-2025;44924;8666;0.1929035704745793
Havlíčkův Brod;2010-2011;15634;2462;0.1574772930791864
Havlíčkův Brod;2011-2012;16146;2490;0.15421776291341507
Havlíčkův Brod;2012-2013;16659;2639;0.15841286992016326
Havlíčkův Brod;2013-2014;17120;3096;0.1808411214953271
Havlíčkův Brod;2014-2015;17742;2972;0.16751211813775221
Havlíčkův Brod;2015-2016;18185;3275;0.18009348364036293
Havlíčkův Brod;2016-2017;18726;3521;0.1880273416639966
Havlíčkův Brod;2017-2018;19238;3591;0.18666181515750077
Havlíčkův Brod;2018-2019;19645;4143;0.21089335708831763
Havlíčkův Brod;2019-2020;19989;4297;0.21496823252789035
Havlíčkův Brod;2020-2021;20288;4508;0.22220031545741326
Havlíčkův Brod;2021-2022;20504;5013;0.24448888021849396
Havlíčkův Brod;2022-2023;20822;4916;0.23609643646143502
Havlíčkův Brod;2023-2024;21195;5231;0.24680349138947866
Havlíčkův Brod;2024-2025;21413;5280;0.24657918087143324
Hl. m. Praha;2010-2011;205890;28940;0.1405604934673855
Hl. m. Praha;2011-2012;213508;31543;0.14773685295164585
Hl. m. Praha;2012-2013;220033;34539;0.1569719087591407
Hl. m. Praha;2013-2014;225042;40298;0.17906879604696013
Hl. m. Praha;2014-2015;229618;40264;0.17535210654217004
Hl. m. Praha;2015-2016;233685;43567;0.1864347305132978
Hl. m. Praha;2016-2017;238631;46829;0.1962402202563791
Hl. m. Praha;2017-2018;243237;49348;0.202880318372616
Hl. m. Praha;2018-2019;247098;53416;0.21617334013225523
Hl. m. Praha;2019-2020;251166;59584;0.23722956132597564
Hl. m. Praha;2020-2021;253111;65448;0.25857430139345977
Hl. m. Praha;2021-2022;251173;69550;0.2769007815330469
Hl. m. Praha;2022-2023;254896;69690;0.27340562425459797
Hl. m. Praha;2023-2024;256648;76764;0.2991022723730557
Hl. m. Praha;2024-2025;257441;75698;0.2940401878488663
Hodonín;2010-2011;24532;3218;0.13117560736996575
Hodonín;2011-2012;25432;3764;0.14800251651462723
Hodonín;2012-2013;26265;3799;0.1446411574338473
Hodonín;2013-2014;27034;4733;0.17507583043574756
Hodonín;2014-2015;27796;4800;0.17268671751331127
Hodonín;2015-2016;28588;5381;0.18822582901916887
Hodonín;2016-2017;29553;6057;0.20495381179575678
Hodonín;2017-2018;30373;6753;0.22233562703717116
Hodonín;2018-2019;31181;7074;0.22686892658991054
Hodonín;2019-2020;31928;7680;0.2405412177399148
Hodonín;2020-2021;32542;7968;0.24485280560506423
Hodonín;2021-2022;32717;8362;0.25558578109239843
Hodonín;2022-2023;33380;8229;0.24652486518873576
Hodonín;2023-2024;33952;8922;0.2627827521206409
Hodonín;2024-2025;34480;8540;0.2476798143851508
Hradec Králové;2010-2011;28234;3398;0.12035134943684919
Hradec Králové;2011-2012;29274;3689;0.12601626016260162
Hradec Králové;2012-2013;30445;4033;0.1324683856134012
Hradec Králové;2013-2014;31315;4723;0.1508222896375539
Hradec Králové;2014-2015;32098;5035;0.15686335597233472
Hradec Králové;2015-2016;32949;5507;0.1671370906552551
Hradec Králové;2016-2017;33766;6152;0.18219510750459042
Hradec Králové;2017-2018;34573;6606;0.19107395944812425
Hradec Králové;2018-2019;35305;7607;0.2154652315536043
Hradec Králové;2019-2020;36111;8301;0.2298745534601645
Hradec Králové;2020-2021;36659;8836;0.24103221582694564
Hradec Králové;2021-2022;36961;9810;0.2654148967830957
Hradec Králové;2022-2023;37454;9653;0.25772948149730335
Hradec Králové;2023-2024;37795;10105;0.2673634078581823
Hradec Králové;2024-2025;38011;10004;0.2631869721922601
Jablonec nad Nisou;2010-2011;13832;2064;0.1492192018507808
Jablonec nad Nisou;2011-2012;14460;2351;0.16258644536652836
Jablonec nad Nisou;2012-2013;15261;2536;0.1661752178756307
Jablonec nad Nisou;2013-2014;15879;2994;0.18855091630455317
Jablonec nad Nisou;2014-2015;16460;3156;0.19173754556500608
Jablonec nad Nisou;2015-2016;17097;3401;0.19892378779902906
Jablonec nad Nisou;2016-2017;17755;3431;0.19324134046747396
Jablonec nad Nisou;2017-2018;18287;3666;0.20047027943347734
Jablonec nad Nisou;2018-2019;18754;4101;0.21867334968540045
Jablonec nad Nisou;2019-2020;19101;4559;0.23867860321449139
Jablonec nad Nisou;2020-2021;19224;4762;0.24771119434040784
Jablonec nad Nisou;2021-2022;19662;4679;0.23797172210355
Jablonec nad Nisou;2022-2023;20018;4675;0.23353981416724948
Jablonec nad Nisou;2023-2024;20185;5062;0.25078028238791183
Jablonec nad Nisou;2024-2025;20197;4849;0.24008516116254888
Jeseník;2010-2011;5955;1120;0.18807724601175482
Jeseník;2011-2012;6170;1321;0.21410048622366287
Jeseník;2012-2013;6533;1360;0.20817388642277668
Jeseník;2013-2014;6843;1364;0.1993277802133567
Jeseník;2014-2015;7135;1569;0.2199018920812894
Jeseník;2015-2016;7419;1763;0.23763310419193961
Jeseník;2016-2017;7719;1779;0.23047026816945201
Jeseník;2017-2018;7942;1921;0.2418786199949635
Jeseník;2018-2019;8165;2070;0.2535211267605634
Jeseník;2019-2020;8400;2282;0.27166666666666667
Jeseník;2020-2021;8516;2333;0.27395490840770315
Jeseník;2021-2022;8577;2391;0.2787688002798181
Jeseník;2022-2023;8746;2271;0.2596615595700892
Jeseník;2023-2024;8858;2370;0.2675547527658614
Jeseník;2024-2025;8903;2209;0.24811861170392002
Jihlava;2010-2011;17284;2742;0.158643832446193
Jihlava;2011-2012;17997;2963;0.16463855086958937
Jihlava;2012-2013;18656;2929;0.15700042881646656
Jihlava;2013-2014;19179;3448;0.17977996767297566
Jihlava;2014-2015;19831;3627;0.18289546669356058
Jihlava;2015-2016;20329;3777;0.18579369373800975
Jihlava;2016-2017;20939;4211;0.2011079803237977
Jihlava;2017-2018;21493;4393;0.2043921276694738
Jihlava;2018-2019;21938;4798;0.21870726593126083
Jihlava;2019-2020;22350;5250;0.2348993288590604
Jihlava;2020-2021;22653;5365;0.2368339734251534
Jihlava;2021-2022;22981;5707;0.24833558156738175
Jihlava;2022-2023;23531;5670;0.24095873528536824
Jihlava;2023-2024;23941;6039;0.2522451025437534
Jihlava;2024-2025;24270;5745;0.23671199011124847
Jihomoravský kraj;2010-2011;186690;28234;0.15123466709518454
Jihomoravský kraj;2011-2012;195117;30174;0.15464567413398114
Jihomoravský kraj;2012-2013;201741;31469;0.15598713201580244
Jihomoravský kraj;2013-2014;207776;37477;0.18037213152625906
Jihomoravský kraj;2014-2015;213228;37448;0.1756242144558876
Jihomoravský kraj;2015-2016;218271;39495;0.1809447888175708
Jihomoravský kraj;2016-2017;224044;42782;0.19095356269304245
Jihomoravský kraj;2017-2018;229228;46757;0.2039759540719284
Jihomoravský kraj;2018-2019;233816;50395;0.2155327265884285
Jihomoravský kraj;2019-2020;238620;56085;0.2350389741010812
Jihomoravský kraj;2020-2021;241897;60631;0.25064800307568924
Jihomoravský kraj;2021-2022;243587;61721;0.25338380127018273
Jihomoravský kraj;2022-2023;247642;60313;0.24354915563595836
Jihomoravský kraj;2023-2024;250908;64162;0.2557192277647584
Jihomoravský kraj;2024-2025;253648;62429;0.24612455055825397
Jihočeský kraj;2010-2011;99001;14038;0.14179654750962112
Jihočeský kraj;2011-2012;103144;15524;0.15050802761188242
Jihočeský kraj;2012-2013;107511;16323;0.1518263247481653
Jihočeský kraj;2013-2014;111254;18733;0.16838046272493573
Jihočeský kraj;2014-2015;114731;18909;0.16481160279261925
Jihočeský kraj;2015-2016;117998;20276;0.17183342090543907
Jihočeský kraj;2016-2017;121829;21955;0.18021160807361136
Jihočeský kraj;2017-2018;125171;23114;0.18465938596000672
Jihočeský kraj;2018-2019;128590;25996;0.2021619099463411
Jihočeský kraj;2019-2020;131832;28687;0.21760270647490745
Jihočeský kraj;2020-2021;134019;31073;0.23185518471261538
Jihočeský kraj;2021-2022;135687;33119;0.24408381053453904
Jihočeský kraj;2022-2023;138659;33528;0.24180183038966097
Jihočeský kraj;2023-2024;141025;36124;0.25615316433256513
Jihočeský kraj;2024-2025;142439;34563;0.2426512401800069
Jindřichův Hradec;2010-2011;14411;1968;0.13656234820623134
Jindřichův Hradec;2011-2012;15145;2236;0.14763948497854076
Jindřichův Hradec;2012-2013;15895;2338;0.14709027996225227
Jindřichův Hradec;2013-2014;16488;2659;0.16126880155264434
Jindřichův Hradec;2014-2015;17101;2693;0.15747617098415298
Jindřichův Hradec;2015-2016;17590;2990;0.16998294485503126
Jindřichův Hradec;2016-2017;18206;3250;0.1785125782708997
Jindřichův Hradec;2017-2018;18664;3594;0.1925632233176168
Jindřichův Hradec;2018-2019;19148;3854;0.20127428452057655
Jindřichův Hradec;2019-2020;19663;4381;0.22280425164013629
Jindřichův Hradec;2020-2021;20013;4608;0.2302503372807675
Jindřichův Hradec;2021-2022;20242;5042;0.24908605868985279
Jindřichův Hradec;2022-2023;20728;5122;0.24710536472404476
Jindřichův Hradec;2023-2024;21095;5495;0.2604882673619341
Jindřichův Hradec;2024-2025;21255;5269;0.2478946130322277
Jičín;2010-2011;13085;1241;0.09484142147497134
Jičín;2011-2012;13516;1585;0.11726842261023972
Jičín;2012-2013;13932;1865;0.13386448463967843
Jičín;2013-2014;14325;2128;0.14855148342059338
Jičín;2014-2015;14833;2228;0.15020562259826065
Jičín;2015-2016;15237;2498;0.16394303340552602
Jičín;2016-2017;15637;2678;0.1712604719575366
Jičín;2017-2018;16167;2836;0.1754190635244634
Jičín;2018-2019;16537;3192;0.1930217088952047
Jičín;2019-2020;17036;3460;0.203099319088988
Jičín;2020-2021;17344;3314;0.19107472324723246
Jičín;2021-2022;17429;3775;0.2165930345975099
Jičín;2022-2023;17873;3790;0.21205169809209423
Jičín;2023-2024;18042;4237;0.23484092672652698
Jičín;2024-2025;18130;4129;0.22774407060121346
Karlovarský kraj;2010-2011;44261;5791;0.1308375319129708
Karlovarský kraj;2011-2012;46155;5985;0.12967175820604485
Karlovarský kraj;2012-2013;48400;6511;0.13452479338842976
Karlovarský kraj;2013-2014;50442;7574;0.15015265056897031
Karlovarský kraj;2014-2015;52285;7893;0.15096107870326098
Karlovarský kraj;2015-2016;54097;8635;0.1596206813686526
Karlovarský kraj;2016-2017;56076;9596;0.17112490191882446
Karlovarský kraj;2017-2018;57467;10301;0.17925070040196983
Karlovarský kraj;2018-2019;58879;11609;0.19716707145162113
Karlovarský kraj;2019-2020;60178;12975;0.21561035594403272
Karlovarský kraj;2020-2021;60784;13617;0.22402276914977626
Karlovarský kraj;2021-2022;60220;15154;0.2516439721022916
Karlovarský kraj;2022-2023;61830;14888;0.24078926087659713
Karlovarský kraj;2023-2024;62847;15806;0.2514996738110013
Karlovarský kraj;2024-2025;63248;15329;0.242363394889957
Karlovy Vary;2010-2011;18621;2145;0.11519252456903496
Karlovy Vary;2011-2012;19362;2277;0.11760148744964363
Karlovy Vary;2012-2013;20144;2405;0.11939038919777602
Karlovy Vary;2013-2014;20907;2837;0.13569617831348352
Karlovy Vary;2014-2015;21615;2966;0.13721952347906546
Karlovy Vary;2015-2016;22267;3262;0.14649481295190192
Karlovy Vary;2016-2017;23003;3645;0.15845759248793637
Karlovy Vary;2017-2018;23585;4064;0.172312910748357
Karlovy Vary;2018-2019;24136;4658;0.1929897248922771
Karlovy Vary;2019-2020;24703;5264;0.2130915273448569
Karlovy Vary;2020-2021;24902;5735;0.230302786924745
Karlovy Vary;2021-2022;24648;6230;0.25275884453099645
Karlovy Vary;2022-2023;25525;6278;0.24595494613124388
Karlovy Vary;2023-2024;26009;6709;0.25794917144065516
Karlovy Vary;2024-2025;26156;6648;0.25416730386909314
Karviná;2010-2011;41875;3473;0.08293731343283582
Karviná;2011-2012;42486;4072;0.09584333662853646
Karviná;2012-2013;43731;4221;0.096521918090142
Karviná;2013-2014;44821;5013;0.11184489413444591
Karviná;2014-2015;45752;5431;0.11870519321559714
Karviná;2015-2016;46693;5598;0.11988949093011801
Karviná;2016-2017;47791;6441;0.13477432989475005
Karviná;2017-2018;48816;6899;0.14132661422484433
Karviná;2018-2019;49576;8010;0.1615701145715669
Karviná;2019-2020;50273;8957;0.17816720704950967
Karviná;2020-2021;50651;9818;0.19383625199897336
Karviná;2021-2022;51054;10224;0.20025854977083088
Karviná;2022-2023;51710;10106;0.19543608586346936
Karviná;2023-2024;52465;10113;0.1927570761460021
Karviná;2024-2025;52692;9585;0.18190617171487133
Kladno;2010-2011;24682;2952;0.11960132890365449
Kladno;2011-2012;25455;3230;0.12689059123944216
Kladno;2012-2013;26459;3523;0.13314940095997582
Kladno;2013-2014;27365;4349;0.15892563493513612
Kladno;2014-2015;28250;4592;0.16254867256637168
Kladno;2015-2016;29040;5038;0.1734848484848485
Kladno;2016-2017;29890;5523;0.1847775175644028
Kladno;2017-2018;30626;5914;0.1931038986482074
Kladno;2018-2019;31332;6286;0.20062555853440572
Kladno;2019-2020;32010;6977;0.21796313651983756
Kladno;2020-2021;32323;7618;0.235683568975652
Kladno;2021-2022;32358;7740;0.23919896161691082
Kladno;2022-2023;32947;7728;0.2345585334021307
Kladno;2023-2024;33226;8386;0.2523927045085174
Kladno;2024-2025;33434;8155;0.24391338158760542
Klatovy;2010-2011;14602;2121;0.14525407478427613
Klatovy;2011-2012;15162;2314;0.15261838807545178
Klatovy;2012-2013;15660;2237;0.14284802043422734
Klatovy;2013-2014;16183;2457;0.1518259902366681
Klatovy;2014-2015;16677;2296;0.13767464172213228
Klatovy;2015-2016;17056;2416;0.14165103189493433
Klatovy;2016-2017;17545;2603;0.14836135651182672
Klatovy;2017-2018;18051;2606;0.14436873303418093
Klatovy;2018-2019;18561;3063;0.1650234362372717
Klatovy;2019-2020;18958;3213;0.16947990294334844
Klatovy;2020-2021;19257;3324;0.17261255647297086
Klatovy;2021-2022;19251;3706;0.19250948002701157
Klatovy;2022-2023;19663;3485;0.1772364339114072
Klatovy;2023-2024;19961;3701;0.1854115525274285
Klatovy;2024-2025;20196;3552;0.17587641117052882
Kolín;2010-2011;15366;2075;0.13503839645971627
Kolín;2011-2012;15972;2082;0.13035311795642374
Kolín;2012-2013;16564;2233;0.13481043226273848
Kolín;2013-2014;17124;2701;0.1577318383555244
Kolín;2014-2015;17575;2639;0.15015647226173542
Kolín;2015-2016;18201;2937;0.16136476017801218
Kolín;2016-2017;18719;3315;0.17709279341845183
Kolín;2017-2018;19229;3479;0.1809246450673462
Kolín;2018-2019;19730;3921;0.19873289406994424
Kolín;2019-2020;20149;4425;0.21961387661918705
Kolín;2020-2021;20383;4963;0.24348721974194182
Kolín;2021-2022;20424;5136;0.25146886016451236
Kolín;2022-2023;20733;4974;0.23990739400955
Kolín;2023-2024;21001;5306;0.25265463549354794
Kolín;2024-2025;21128;5160;0.24422567209390383
Kraj Vysočina;2010-2011;81858;14666;0.179163918004349
Kraj Vysočina;2011-2012;84830;15095;0.17794412354120004
Kraj Vysočina;2012-2013;87711;15445;0.17608965808165453
Kraj Vysočina;2013-2014;90271;17541;0.19431489625682666
Kraj Vysočina;2014-2015;92924;17734;0.1908441306874435
Kraj Vysočina;2015-2016;95262;18766;0.19699355461779094
Kraj Vysočina;2016-2017;97958;20379;0.2080381387941771
Kraj Vysočina;2017-2018;100357;21328;0.21252129896270314
Kraj Vysočina;2018-2019;102513;23356;0.22783451854886697
Kraj Vysočina;2019-2020;104291;25015;0.23985770584230662
Kraj Vysočina;2020-2021;105748;25703;0.24305897038241858
Kraj Vysočina;2021-2022;107024;27702;0.25883913888473614
Kraj Vysočina;2022-2023;108999;27271;0.2501949559170268
Kraj Vysočina;2023-2024;110988;29060;0.2618301077593974
Kraj Vysočina;2024-2025;112286;28310;0.2521240403968438
Kroměříž;2010-2011;17545;2852;0.16255343402678826
Kroměříž;2011-2012;18013;3122;0.1733192694165325
Kroměříž;2012-2013;18619;3448;0.18518717439175036
Kroměříž;2013-2014;19071;3788;0.1986261863562477
Kroměříž;2014-2015;19665;3723;0.18932112890922959
Kroměříž;2015-2016;20254;3989;0.19694875086402686
Kroměříž;2016-2017;20780;4188;0.20153994225216554
Kroměříž;2017-2018;21228;4320;0.2035048049745619
Kroměříž;2018-2019;21699;4414;0.20341951241992717
Kroměříž;2019-2020;22261;4782;0.21481514756749473
Kroměříž;2020-2021;22530;5131;0.22774079005770084
Kroměříž;2021-2022;22770;5135;0.22551602986385594
Kroměříž;2022-2023;23175;5017;0.21648327939590076
Kroměříž;2023-2024;23446;5403;0.23044442548835622
Kroměříž;2024-2025;23660;5058;0.21377852916314455
Královéhradecký kraj;2010-2011;91422;10558;0.11548642558683905
Královéhradecký kraj;2011-2012;94861;11988;0.12637437935505635
Královéhradecký kraj;2012-2013;98571;13266;0.13458319383997322
Královéhradecký kraj;2013-2014;101699;15813;0.1554882545551087
Královéhradecký kraj;2014-2015;104773;16573;0.1581800654748838
Královéhradecký kraj;2015-2016;108048;18447;0.17072967569968903
Královéhradecký kraj;2016-2017;111172;19984;0.17975749289389414
Královéhradecký kraj;2017-2018;114219;21561;0.1887689438709847
Královéhradecký kraj;2018-2019;116666;24205;0.2074726141292236
Královéhradecký kraj;2019-2020;119407;26375;0.2208831978024739
Královéhradecký kraj;2020-2021;121170;27678;0.22842287694974003
Královéhradecký kraj;2021-2022;121639;30005;0.2466725310139018
Královéhradecký kraj;2022-2023;123759;29322;0.2369282234019344
Královéhradecký kraj;2023-2024;125014;31434;0.2514438382901115
Královéhradecký kraj;2024-2025;126020;30915;0.2453182034597683
Kutná Hora;2010-2011;12294;1402;0.11403936879778753
Kutná Hora;2011-2012;12730;1541;0.12105263157894737
Kutná Hora;2012-2013;13133;1785;0.13591715525774767
Kutná Hora;2013-2014;13525;2288;0.16916820702402957
Kutná Hora;2014-2015;13942;2395;0.17178310142016928
Kutná Hora;2015-2016;14286;2761;0.19326613467730647
Kutná Hora;2016-2017;14760;2874;0.19471544715447153
Kutná Hora;2017-2018;15146;3178;0.20982437607289053
Kutná Hora;2018-2019;15530;3582;0.23065035415325177
Kutná Hora;2019-2020;15915;3869;0.24310398994659127
Kutná Hora;2020-2021;16204;4430;0.2733892865959022
Kutná Hora;2021-2022;16388;4726;0.2883817427385892
Kutná Hora;2022-2023;16716;4793;0.28673127542474275
Kutná Hora;2023-2024;16964;5201;0.30659042678613535
Kutná Hora;2024-2025;17189;5176;0.3011228111001222
Liberec;2010-2011;24897;4475;0.1797405309876692
Liberec;2011-2012;26170;4704;0.17974780282766525
Liberec;2012-2013;27586;5164;0.1871964039730298
Liberec;2013-2014;28841;6112;0.2119205298013245
Liberec;2014-2015;29977;6424;0.2142976281816059
Liberec;2015-2016;31188;6707;0.21505066051045274
Liberec;2016-2017;32297;7427;0.22995943895717869
Liberec;2017-2018;33407;7664;0.22941299727602
Liberec;2018-2019;34217;8638;0.25244761375924246
Liberec;2019-2020;34904;9639;0.2761574604629842
Liberec;2020-2021;35208;10544;0.29947739150193137
Liberec;2021-2022;35304;10748;0.3044414230682076
Liberec;2022-2023;35794;10569;0.2952729507738727
Liberec;2023-2024;36136;11004;0.3045162718618552
Liberec;2024-2025;36416;10858;0.29816564147627417
Liberecký kraj;2010-2011;64392;10318;0.1602372965585787
Liberecký kraj;2011-2012;67587;11072;0.1638184858034829
Liberecký kraj;2012-2013;71209;12087;0.16973978008397814
Liberecký kraj;2013-2014;74387;14097;0.18950891956927957
Liberecký kraj;2014-2015;77318;14792;0.19131379497659018
Liberecký kraj;2015-2016;80343;15840;0.19715469922706397
Liberecký kraj;2016-2017;83317;16898;0.20281575188736992
Liberecký kraj;2017-2018;85885;17601;0.2049368341386738
Liberecký kraj;2018-2019;87998;19358;0.219982272324371
Liberecký kraj;2019-2020;89906;21481;0.2389273240940538
Liberecký kraj;2020-2021;90819;22626;0.24913289069467842
Liberecký kraj;2021-2022;91467;23482;0.2567264696557228
Liberecký kraj;2022-2023;92987;23135;0.24879821910589653
Liberecký kraj;2023-2024;93953;24684;0.26272710823496853
Liberecký kraj;2024-2025;94452;24253;0.2567759285139542
Litoměřice;2010-2011;17976;2827;0.15726524254561638
Litoměřice;2011-2012;18805;3223;0.17139058760967826
Litoměřice;2012-2013;19786;3396;0.17163651066410593
Litoměřice;2013-2014;20546;3816;0.18572958240046725
Litoměřice;2014-2015;21154;4487;0.21211118464592985
Litoměřice;2015-2016;21801;4956;0.22732902160451354
Litoměřice;2016-2017;22448;5264;0.2344975053456878
Litoměřice;2017-2018;23038;5566;0.2416008334056776
Litoměřice;2018-2019;23561;5969;0.253342387844319
Litoměřice;2019-2020;24112;6779;0.28114631718646316
Litoměřice;2020-2021;24388;7181;0.2944480892242086
Litoměřice;2021-2022;24597;7284;0.2961336748383949
Litoměřice;2022-2023;24968;7345;0.29417654597885295
Litoměřice;2023-2024;25260;7608;0.301187648456057
Litoměřice;2024-2025;25288;7274;0.28764631445745015
Louny;2010-2011;12185;2436;0.19991793188346327
Louny;2011-2012;12731;2508;0.19699945016102427
Louny;2012-2013;13318;2515;0.18884216849376784
Louny;2013-2014;13859;2808;0.20261202106934123
Louny;2014-2015;14424;2967;0.20569883527454244
Louny;2015-2016;15029;3080;0.20493712156497437
Louny;2016-2017;15540;3413;0.21962676962676964
Louny;2017-2018;16030;3386;0.21122894572676232
Louny;2018-2019;16472;3667;0.22262020398251578
Louny;2019-2020;16867;3865;0.22914566905792375
Louny;2020-2021;17136;3778;0.22047152194211017
Louny;2021-2022;17235;4034;0.23405860168262257
Louny;2022-2023;17600;4349;0.24710227272727273
Louny;2023-2024;17779;4370;0.24579560155239327
Louny;2024-2025;17895;4024;0.22486728136350936
Mladá Boleslav;2010-2011;17586;2107;0.11981121346525646
Mladá Boleslav;2011-2012;18431;2306;0.12511529488362
Mladá Boleslav;2012-2013;19312;2730;0.14136288318144158
Mladá Boleslav;2013-2014;20007;2994;0.14964762333183385
Mladá Boleslav;2014-2015;20697;3316;0.16021645649127894
Mladá Boleslav;2015-2016;21435;3545;0.165383718217868
Mladá Boleslav;2016-2017;22162;3995;0.18026351412327407
Mladá Boleslav;2017-2018;22913;4401;0.19207436826255836
Mladá Boleslav;2018-2019;23448;4690;0.20001705902422381
Mladá Boleslav;2019-2020;23991;5182;0.21599766579133842
Mladá Boleslav;2020-2021;24343;5187;0.21307973544756192
Mladá Boleslav;2021-2022;24432;5866;0.24009495743287493
Mladá Boleslav;2022-2023;24947;5555;0.22267206477732793
Mladá Boleslav;2023-2024;25383;6058;0.23866367253673718
Mladá Boleslav;2024-2025;25578;6137;0.23993275471107983
Moravskoslezský kraj;2010-2011;188794;20995;0.11120586459315444
Moravskoslezský kraj;2011-2012;194295;23107;0.11892740420494609
Moravskoslezský kraj;2012-2013;201142;25025;0.12441459267582106
Moravskoslezský kraj;2013-2014;207466;29519;0.14228355489574196
Moravskoslezský kraj;2014-2015;213397;30629;0.1435306025857908
Moravskoslezský kraj;2015-2016;219100;32431;0.14801916932907347
Moravskoslezský kraj;2016-2017;225649;35240;0.15617175347553058
Moravskoslezský kraj;2017-2018;231077;38037;0.16460746850616895
Moravskoslezský kraj;2018-2019;236216;42158;0.17847224574118603
Moravskoslezský kraj;2019-2020;240829;46701;0.19391767602738874
Moravskoslezský kraj;2020-2021;243130;50677;0.2084358162300004
Moravskoslezský kraj;2021-2022;245406;52602;0.21434683748563604
Moravskoslezský kraj;2022-2023;249219;51708;0.2074801680449725
Moravskoslezský kraj;2023-2024;252944;54595;0.2158382883167816
Moravskoslezský kraj;2024-2025;255082;53209;0.20859566727562118
Most;2010-2011;16180;2955;0.1826328800988875
Most;2011-2012;16899;3019;0.17864962423812059
Most;2012-2013;17724;3254;0.18359286842699166
Most;2013-2014;18465;3527;0.19101001895477931
Most;2014-2015;19090;3454;0.18093242535358828
Most;2015-2016;19674;3614;0.18369421571617364
Most;2016-2017;20225;4091;0.202274412855377
Most;2017-2018;20668;4163;0.2014224888716857
Most;2018-2019;20999;4572;0.21772465355493117
Most;2019-2020;21414;4876;0.2277015036891753
Most;2020-2021;21573;4650;0.21554721179251843
Most;2021-2022;21405;5116;0.2390095772015884
Most;2022-2023;21657;5019;0.23174954979914117
Most;2023-2024;21901;5230;0.2388018811926396
Most;2024-2025;21965;4960;0.22581379467334395
Mělník;2010-2011;14998;2062;0.1374849979997333
Mělník;2011-2012;15717;2145;0.13647642679900746
Mělník;2012-2013;16402;2434;0.148396537007682
Mělník;2013-2014;17058;2816;0.16508383163325127
Mělník;2014-2015;17696;2819;0.1593015370705244
Mělník;2015-2016;18307;3093;0.16895176708362922
Mělník;2016-2017;18918;3506;0.18532614441272863
Mělník;2017-2018;19485;3754;0.19266102129843468
Mělník;2018-2019;20015;4013;0.20049962528103923
Mělník;2019-2020;20451;4511;0.22057601095300963
Mělník;2020-2021;20645;4993;0.24185032695567935
Mělník;2021-2022;20812;5231;0.2513453776667307
Mělník;2022-2023;21161;4933;0.23311752752705447
Mělník;2023-2024;21495;5465;0.2542451732961154
Mělník;2024-2025;21684;5254;0.24229846891717396
Neuvedeno;2010-2011;;44983;
Neuvedeno;2011-2012;;40283;
Neuvedeno;2012-2013;;34706;
Neuvedeno;2013-2014;;31005;
Neuvedeno;2014-2015;;26470;
Neuvedeno;2015-2016;;22078;
Neuvedeno;2016-2017;;17909;
Neuvedeno;2017-2018;;12965;
Neuvedeno;2018-2019;;8763;
Neuvedeno;2019-2020;;4348;
Neuvedeno;2020-2021;;897;
Neuvedeno;2021-2022;;502;
Neuvedeno;2022-2023;;506;
Neuvedeno;2023-2024;;947;
Neuvedeno;2024-2025;;1029;
Nový Jičín;2010-2011;21985;2937;0.1335910848305663
Nový Jičín;2011-2012;22896;3167;0.13832110412299092
Nový Jičín;2012-2013;23859;3437;0.14405465442809842
Nový Jičín;2013-2014;24709;3868;0.15654215063337246
Nový Jičín;2014-2015;25618;3914;0.15278319931298306
Nový Jičín;2015-2016;26463;4103;0.1550466689339833
Nový Jičín;2016-2017;27393;4243;0.15489358595261563
Nový Jičín;2017-2018;28186;4693;0.16650109983679842
Nový Jičín;2018-2019;29003;5063;0.174568148122608
Nový Jičín;2019-2020;29724;5527;0.18594401830170906
Nový Jičín;2020-2021;29997;5657;0.1885855252191886
Nový Jičín;2021-2022;30211;6110;0.20224421568302936
Nový Jičín;2022-2023;30745;5905;0.1920637502032851
Nový Jičín;2023-2024;31244;6489;0.20768787607220587
Nový Jičín;2024-2025;31668;6620;0.2090438297334849
Nymburk;2010-2011;14140;1276;0.09024045261669024
Nymburk;2011-2012;14782;1704;0.1152753348667298
Nymburk;2012-2013;15384;1827;0.1187597503900156
Nymburk;2013-2014;15894;2199;0.13835409588523973
Nymburk;2014-2015;16493;2421;0.14678954708057965
Nymburk;2015-2016;16955;2636;0.15547036272485992
Nymburk;2016-2017;17464;3003;0.17195373339441136
Nymburk;2017-2018;18048;3009;0.1667220744680851
Nymburk;2018-2019;18476;3264;0.17666161506819658
Nymburk;2019-2020;18907;3799;0.20093087216374889
Nymburk;2020-2021;19191;3900;0.20322025949663905
Nymburk;2021-2022;19250;4434;0.23033766233766234
Nymburk;2022-2023;19733;4450;0.22551056605685907
Nymburk;2023-2024;20016;4868;0.2432054356514788
Nymburk;2024-2025;20197;4909;0.24305589939099867
Náchod;2010-2011;18778;2621;0.1395782298434338
Náchod;2011-2012;19515;2903;0.148757366128619
Náchod;2012-2013;20186;3083;0.1527296145843654
Náchod;2013-2014;20745;3779;0.1821643769583032
Náchod;2014-2015;21342;3809;0.1784743697872739
Náchod;2015-2016;21928;4267;0.1945913900036483
Náchod;2016-2017;22571;4306;0.1907757742235612
Náchod;2017-2018;23178;4684;0.20208818707394943
Náchod;2018-2019;23584;5146;0.2181987788331072
Náchod;2019-2020;24168;5587;0.23117345249917245
Náchod;2020-2021;24462;6151;0.25145123047992807
Náchod;2021-2022;24521;6292;0.2565963867705232
Náchod;2022-2023;25011;6027;0.2409739714525609
Náchod;2023-2024;25265;6548;0.2591727686522858
Náchod;2024-2025;25518;6475;0.2537424563053531
Olomouc;2010-2011;36122;5831;0.16142517025635347
Olomouc;2011-2012;37493;5824;0.1553356626570293
Olomouc;2012-2013;38952;6429;0.16504929143561306
Olomouc;2013-2014;40160;7216;0.1796812749003984
Olomouc;2014-2015;41364;7403;0.17897205299294072
Olomouc;2015-2016;42451;7819;0.18418882947398177
Olomouc;2016-2017;43730;8419;0.1925222959067002
Olomouc;2017-2018;44795;8720;0.1946645831007925
Olomouc;2018-2019;45949;9438;0.20540164094974864
Olomouc;2019-2020;47027;10250;0.21795989537925023
Olomouc;2020-2021;47711;10630;0.22279977363710673
Olomouc;2021-2022;48269;11563;0.23955333650997535
Olomouc;2022-2023;49054;11125;0.22679088351612509
Olomouc;2023-2024;49730;11615;0.23356123064548562
Olomouc;2024-2025;50311;11391;0.2264117191071535
Olomoucký kraj;2010-2011;101279;15013;0.1482340860395541
Olomoucký kraj;2011-2012;104919;15672;0.14937237297343664
Olomoucký kraj;2012-2013;108869;16871;0.15496606012730896
Olomoucký kraj;2013-2014;112439;18795;0.1671573030709985
Olomoucký kraj;2014-2015;115866;19440;0.16778002174926207
Olomoucký kraj;2015-2016;118815;20628;0.17361444262088122
Olomoucký kraj;2016-2017;122257;22671;0.18543723467776896
Olomoucký kraj;2017-2018;125135;23431;0.18724577456347144
Olomoucký kraj;2018-2019;128018;25902;0.20233092221406365
Olomoucký kraj;2019-2020;130935;28639;0.21872684919998472
Olomoucký kraj;2020-2021;132715;29522;0.22244659608936443
Olomoucký kraj;2021-2022;133929;31154;0.23261578896280866
Olomoucký kraj;2022-2023;136014;29934;0.2200802858529269
Olomoucký kraj;2023-2024;137822;31585;0.22917241079073009
Olomoucký kraj;2024-2025;139104;30457;0.2189512882447665
Opava;2010-2011;26624;3377;0.12684044471153846
Opava;2011-2012;27252;3614;0.13261412006458242
Opava;2012-2013;28135;3996;0.14202950062200106
Opava;2013-2014;29071;4511;0.1551718207148017
Opava;2014-2015;29966;4655;0.15534272175131816
Opava;2015-2016;30969;5001;0.16148406470987117
Opava;2016-2017;32096;5482;0.1708000997008973
Opava;2017-2018;33030;5688;0.17220708446866484
Opava;2018-2019;33885;6228;0.18379814077025233
Opava;2019-2020;34658;7238;0.20884067170638815
Opava;2020-2021;35242;7465;0.21182112252426083
Opava;2021-2022;35760;8057;0.2253076062639821
Opava;2022-2023;36468;7850;0.2152572118021279
Opava;2023-2024;37292;8537;0.22892309342486325
Opava;2024-2025;37695;8284;0.219763894415705
Ostrava-město;2010-2011;52867;6036;0.11417330281650179
Ostrava-město;2011-2012;54499;6299;0.11558010238719976
Ostrava-město;2012-2013;56193;6783;0.12070898510490631
Ostrava-město;2013-2014;57659;8330;0.1444700740560884
Ostrava-město;2014-2015;58903;8518;0.14461063103746838
Ostrava-město;2015-2016;60080;9048;0.15059920106524635
Ostrava-město;2016-2017;61472;9524;0.1549323269130661
Ostrava-město;2017-2018;62522;10738;0.1717475448642078
Ostrava-město;2018-2019;63560;11803;0.18569855254877282
Ostrava-město;2019-2020;64634;13129;0.20312838444162515
Ostrava-město;2020-2021;64958;15280;0.23522891714646388
Ostrava-město;2021-2022;65459;14761;0.2254999312546785
Ostrava-město;2022-2023;66161;14731;0.22265382929520414
Ostrava-město;2023-2024;66984;15300;0.22841275528484414
Ostrava-město;2024-2025;67298;14862;0.22083865790959611
Pardubice;2010-2011;27724;4154;0.14983407877651134
Pardubice;2011-2012;28778;4211;0.14632705538953367
Pardubice;2012-2013;29684;4457;0.15014822800161703
Pardubice;2013-2014;30390;5219;0.17173412306679828
Pardubice;2014-2015;31075;5326;0.1713917940466613
Pardubice;2015-2016;31820;5565;0.17489000628535512
Pardubice;2016-2017;32590;6452;0.1979748389076404
Pardubice;2017-2018;33380;6719;0.20128819652486518
Pardubice;2018-2019;34211;7761;0.22685685890503055
Pardubice;2019-2020;34968;7992;0.22855181880576528
Pardubice;2020-2021;35550;8695;0.24458509142053445
Pardubice;2021-2022;35595;9087;0.25528866413822165
Pardubice;2022-2023;36138;8735;0.24171232497647904
Pardubice;2023-2024;36613;9479;0.2588971130472783
Pardubice;2024-2025;36873;9340;0.25330187399994575
Pardubický kraj;2010-2011;81391;11533;0.1416987136169847
Pardubický kraj;2011-2012;84711;12462;0.14711194531997024
Pardubický kraj;2012-2013;87751;13363;0.15228316486421808
Pardubický kraj;2013-2014;90463;15408;0.17032377878248567
Pardubický kraj;2014-2015;93083;16207;0.17411342565237475
Pardubický kraj;2015-2016;95645;17206;0.17989440117099692
Pardubický kraj;2016-2017;98489;19789;0.20092599173511763
Pardubický kraj;2017-2018;101328;20858;0.20584636033475445
Pardubický kraj;2018-2019;103778;23589;0.22730251112952649
Pardubický kraj;2019-2020;106085;25352;0.23897817787623132
Pardubický kraj;2020-2021;107631;25937;0.2409807583317074
Pardubický kraj;2021-2022;108244;27681;0.2557278001552049
Pardubický kraj;2022-2023;109953;26786;0.24361318017698472
Pardubický kraj;2023-2024;111494;28750;0.2578614095825784
Pardubický kraj;2024-2025;112416;28375;0.25241068886991175
Pelhřimov;2010-2011;12669;2471;0.19504301839134897
Pelhřimov;2011-2012;13106;2553;0.19479627651457349
Pelhřimov;2012-2013;13502;2526;0.1870833950525848
Pelhřimov;2013-2014;13909;2714;0.195125458336329
Pelhřimov;2014-2015;14215;2542;0.17882518466408723
Pelhřimov;2015-2016;14520;2657;0.18298898071625344
Pelhřimov;2016-2017;14891;2835;0.19038345309247195
Pelhřimov;2017-2018;15155;3142;0.20732431540745627
Pelhřimov;2018-2019;15416;3402;0.22067981318111055
Pelhřimov;2019-2020;15626;3662;0.2343530014079099
Pelhřimov;2020-2021;15802;3657;0.2314264017213011
Pelhřimov;2021-2022;15971;4103;0.25690313693569594
Pelhřimov;2022-2023;16286;4102;0.2518727741618568
Pelhřimov;2023-2024;16621;4438;0.2670116118163769
Pelhřimov;2024-2025;16779;4238;0.252577626795399
Plzeň-jih;2010-2011;9799;1987;0.20277579344831106
Plzeň-jih;2011-2012;10224;1841;0.18006651017214398
Plzeň-jih;2012-2013;10596;1868;0.17629294073235183
Plzeň-jih;2013-2014;10950;2053;0.18748858447488584
Plzeň-jih;2014-2015;11313;2020;0.1785556439494387
Plzeň-jih;2015-2016;11640;2029;0.1743127147766323
Plzeň-jih;2016-2017;11992;2108;0.17578385590393597
Plzeň-jih;2017-2018;12352;2091;0.16928432642487046
Plzeň-jih;2018-2019;12688;2215;0.17457440100882723
Plzeň-jih;2019-2020;12972;2505;0.19310823311748382
Plzeň-jih;2020-2021;13241;2602;0.19651083755003398
Plzeň-jih;2021-2022;14444;2656;0.18388258100249238
Plzeň-jih;2022-2023;14598;2747;0.18817646252911358
Plzeň-jih;2023-2024;14765;2914;0.19735861835421606
Plzeň-jih;2024-2025;14926;2898;0.19415784537049444
Plzeň-město;2010-2011;32787;4753;0.14496599261902585
Plzeň-město;2011-2012;33991;4711;0.13859551057632902
Plzeň-město;2012-2013;35091;4796;0.13667322105383148
Plzeň-město;2013-2014;35978;5487;0.15250986714103063
Plzeň-město;2014-2015;36782;5094;0.13849165352618129
Plzeň-město;2015-2016;37480;5544;0.14791889007470652
Plzeň-město;2016-2017;38039;5941;0.15618181340203474
Plzeň-město;2017-2018;38751;6044;0.15597016851178033
Plzeň-město;2018-2019;39643;6652;0.1677975935221855
Plzeň-město;2019-2020;40386;7693;0.19048680235725252
Plzeň-město;2020-2021;40973;8114;0.19803285090181338
Plzeň-město;2021-2022;40868;8842;0.21635509445042575
Plzeň-město;2022-2023;41474;8998;0.2169552008487245
Plzeň-město;2023-2024;41916;9757;0.23277507395743868
Plzeň-město;2024-2025;42262;9270;0.21934598457242913
Plzeň-sever;2010-2011;11029;1524;0.1381811587632605
Plzeň-sever;2011-2012;11514;1638;0.1422615945805107
Plzeň-sever;2012-2013;12077;1795;0.14862962656288814
Plzeň-sever;2013-2014;12565;2054;0.1634699562276164
Plzeň-sever;2014-2015;13026;2081;0.15975740826040227
Plzeň-sever;2015-2016;13468;2166;0.16082566082566083
Plzeň-sever;2016-2017;13924;2314;0.16618787704682564
Plzeň-sever;2017-2018;14435;2433;0.16854866643574645
Plzeň-sever;2018-2019;14886;2845;0.19111917237672982
Plzeň-sever;2019-2020;15264;3097;0.20289570230607967
Plzeň-sever;2020-2021;15536;3207;0.20642378990731206
Plzeň-sever;2021-2022;15632;3428;0.21929375639713408
Plzeň-sever;2022-2023;16012;3464;0.2163377466899825
Plzeň-sever;2023-2024;16319;3790;0.2322446228322814
Plzeň-sever;2024-2025;16471;3568;0.21662315584967518
Plzeňský kraj;2010-2011;91704;13560;0.1478670505103376
Plzeňský kraj;2011-2012;95476;13724;0.14374293016045916
Plzeňský kraj;2012-2013;99179;13927;0.14042287177729157
Plzeňský kraj;2013-2014;102404;15719;0.15349986328659038
Plzeňský kraj;2014-2015;105556;15160;0.14362044791390352
Plzeňský kraj;2015-2016;108284;16018;0.14792582468324036
Plzeňský kraj;2016-2017;111074;17192;0.1547796964186038
Plzeňský kraj;2017-2018;114122;17559;0.15386165682339953
Plzeňský kraj;2018-2019;117152;19785;0.16888316033870526
Plzeňský kraj;2019-2020;119690;22115;0.18476898654858384
Plzeňský kraj;2020-2021;121635;22904;0.1883010646606651
Plzeňský kraj;2021-2022;121793;25003;0.20529094447135715
Plzeňský kraj;2022-2023;124132;24854;0.20022234395643349
Plzeňský kraj;2023-2024;126026;26825;0.21285290336914606
Plzeňský kraj;2024-2025;127230;25896;0.20353690167413346
Prachatice;2010-2011;7295;1069;0.1465387251542152
Prachatice;2011-2012;7568;1171;0.15473044397463
Prachatice;2012-2013;7950;1180;0.14842767295597484
Prachatice;2013-2014;8262;1381;0.16715081094166062
Prachatice;2014-2015;8569;1444;0.16851441241685144
Prachatice;2015-2016;8888;1413;0.15897839783978399
Prachatice;2016-2017;9249;1407;0.15212455400583846
Prachatice;2017-2018;9497;1544;0.16257765610192693
Prachatice;2018-2019;9796;1798;0.18354430379746836
Prachatice;2019-2020;10088;2126;0.21074544012688343
Prachatice;2020-2021;10254;2279;0.22225472986151745
Prachatice;2021-2022;10442;2443;0.23395901168358552
Prachatice;2022-2023;10687;2391;0.223729765135211
Prachatice;2023-2024;10920;2615;0.23946886446886448
Prachatice;2024-2025;11019;2572;0.23341501043651874
Praha-východ;2010-2011;18674;3211;0.17195030523722823
Praha-východ;2011-2012;19762;3303;0.1671389535472118
Praha-východ;2012-2013;20921;3463;0.16552746044644137
Praha-východ;2013-2014;21989;4212;0.1915503206148529
Praha-východ;2014-2015;22927;4414;0.19252409822480046
Praha-východ;2015-2016;23856;4955;0.20770456069751844
Praha-východ;2016-2017;24879;5513;0.22159250773744926
Praha-východ;2017-2018;25906;5908;0.22805527676986026
Praha-východ;2018-2019;26837;6610;0.2463017475872862
Praha-východ;2019-2020;27792;7349;0.2644286125503742
Praha-východ;2020-2021;28547;7705;0.2699057694328651
Praha-východ;2021-2022;28777;8659;0.30090002432498175
Praha-východ;2022-2023;29670;8455;0.2849679811257162
Praha-východ;2023-2024;30363;9183;0.30244047030925797
Praha-východ;2024-2025;30956;9221;0.2978744023775682
Praha-západ;2010-2011;15045;2187;0.14536390827517448
Praha-západ;2011-2012;16189;2436;0.15047254308481067
Praha-západ;2012-2013;17231;2781;0.16139515988625153
Praha-západ;2013-2014;18221;3198;0.17551177213105756
Praha-západ;2014-2015;19077;3043;0.15951145358284846
Praha-západ;2015-2016;20012;3370;0.16839896062362583
Praha-západ;2016-2017;20871;3862;0.1850414450673183
Praha-západ;2017-2018;21784;4185;0.19211347778185825
Praha-západ;2018-2019;22600;4474;0.1979646017699115
Praha-západ;2019-2020;23399;5251;0.22441129962818923
Praha-západ;2020-2021;24030;5733;0.23857677902621724
Praha-západ;2021-2022;24271;6491;0.2674385068600387
Praha-západ;2022-2023;25068;6301;0.2513563108345301
Praha-západ;2023-2024;25627;7314;0.2854021149568814
Praha-západ;2024-2025;25991;7403;0.28482936401061903
Prostějov;2010-2011;18115;2595;0.14325144907535192
Prostějov;2011-2012;18645;2750;0.14749262536873156
Prostějov;2012-2013;19187;2864;0.14926773336112995
Prostějov;2013-2014;19830;3303;0.16656580937972768
Prostějov;2014-2015;20362;3415;0.1677143699047245
Prostějov;2015-2016;20743;3517;0.16955117388998697
Prostějov;2016-2017;21211;3842;0.18113243128565368
Prostějov;2017-2018;21628;3963;0.1832346957647494
Prostějov;2018-2019;22072;4516;0.2046031170714027
Prostějov;2019-2020;22512;5096;0.2263681592039801
Prostějov;2020-2021;22841;5712;0.25007661661048114
Prostějov;2021-2022;22971;5373;0.23390361760480605
Prostějov;2022-2023;23273;5221;0.22433721479826407
Prostějov;2023-2024;23489;5656;0.24079356294435694
Prostějov;2024-2025;23725;5344;0.22524762908324553
Písek;2010-2011;12197;1476;0.12101336394195294
Písek;2011-2012;12658;1719;0.13580344446200032
Písek;2012-2013;13112;1825;0.13918547895057962
Písek;2013-2014;13533;2011;0.14859971920490653
Písek;2014-2015;13891;2073;0.14923331653588653
Písek;2015-2016;14265;2194;0.1538030143708377
Písek;2016-2017;14655;2437;0.16629136813374276
Písek;2017-2018;15013;2578;0.17171784453473657
Písek;2018-2019;15447;3154;0.20418204182041821
Písek;2019-2020;15751;3569;0.22658878801345947
Písek;2020-2021;16066;3707;0.23073571517490352
Písek;2021-2022;16234;4399;0.2709744979672293
Písek;2022-2023;16490;4258;0.2582171012734991
Písek;2023-2024;16744;4607;0.2751433349259436
Písek;2024-2025;16932;4470;0.2639971651311127
Přerov;2010-2011;21861;2300;0.10521019166552308
Přerov;2011-2012;22644;2594;0.11455573220279103
Přerov;2012-2013;23408;2817;0.12034347231715653
Přerov;2013-2014;23983;3131;0.13055080682149856
Přerov;2014-2015;24541;3250;0.13243144126156228
Přerov;2015-2016;24999;3622;0.14488579543181726
Přerov;2016-2017;25616;4071;0.15892410993129294
Přerov;2017-2018;26147;4326;0.16544919111179102
Přerov;2018-2019;26652;4821;0.18088698784331383
Přerov;2019-2020;27247;5554;0.20383895474731162
Přerov;2020-2021;27563;5638;0.2045495773319305
Přerov;2021-2022;27703;5771;0.20831678879543733
Přerov;2022-2023;28066;5535;0.19721371053944275
Přerov;2023-2024;28512;5907;0.20717592592592593
Přerov;2024-2025;28696;5751;0.20041120713688318
Příbram;2010-2011;17472;2498;0.1429716117216117
Příbram;2011-2012;18200;2714;0.14912087912087912
Příbram;2012-2013;18985;2908;0.15317355807216224
Příbram;2013-2014;19756;3382;0.1711884996962948
Příbram;2014-2015;20482;3476;0.16970998925886144
Příbram;2015-2016;21127;3995;0.18909452359539924
Příbram;2016-2017;21762;4551;0.2091259994485801
Příbram;2017-2018;22447;4840;0.2156190136766606
Příbram;2018-2019;23048;5337;0.2315602221450885
Příbram;2019-2020;23649;5900;0.24948200769588566
Příbram;2020-2021;24070;6110;0.25384295803905277
Příbram;2021-2022;24466;6886;0.2814518106760402
Příbram;2022-2023;25079;6788;0.27066469954942385
Příbram;2023-2024;25548;7337;0.28718490684202286
Příbram;2024-2025;25838;7168;0.2774208530071987
Rakovník;2010-2011;8473;977;0.11530744718517644
Rakovník;2011-2012;8796;1121;0.12744429286039108
Rakovník;2012-2013;9209;1218;0.13226191768921708
Rakovník;2013-2014;9544;1481;0.15517602682313494
Rakovník;2014-2015;9889;1487;0.15036909697643847
Rakovník;2015-2016;10207;1609;0.15763691584206918
Rakovník;2016-2017;10567;1845;0.1746001703416296
Rakovník;2017-2018;10952;2031;0.185445580715851
Rakovník;2018-2019;11289;2232;0.19771458942333245
Rakovník;2019-2020;11623;2592;0.22300610857781983
Rakovník;2020-2021;11854;2361;0.19917327484393454
Rakovník;2021-2022;11879;2750;0.2315009680949575
Rakovník;2022-2023;12129;2855;0.23538626432517107
Rakovník;2023-2024;12295;2869;0.23334688897925987
Rakovník;2024-2025;12332;2757;0.22356470969834577
Rokycany;2010-2011;7868;888;0.1128622267412303
Rokycany;2011-2012;8250;952;0.1153939393939394
Rokycany;2012-2013;8508;1040;0.1222378937470616
Rokycany;2013-2014;8741;1104;0.1263013385196202
Rokycany;2014-2015;8966;1137;0.12681240240910105
Rokycany;2015-2016;9179;1182;0.12877219740712495
Rokycany;2016-2017;9411;1274;0.1353734990968016
Rokycany;2017-2018;9676;1262;0.13042579578338157
Rokycany;2018-2019;9893;1422;0.14373799656322653
Rokycany;2019-2020;10085;1529;0.151611303916708
Rokycany;2020-2021;10286;1609;0.1564262103830449
Rokycany;2021-2022;10338;1843;0.1782743277229638
Rokycany;2022-2023;10540;1778;0.16869070208728654
Rokycany;2023-2024;10731;2026;0.18879880719411052
Rokycany;2024-2025;10842;1921;0.17718133185759086
Rychnov nad Kněžnou;2010-2011;12610;1182;0.09373513084853291
Rychnov nad Kněžnou;2011-2012;12967;1248;0.09624431248554022
Rychnov nad Kněžnou;2012-2013;13428;1454;0.10828120345546619
Rychnov nad Kněžnou;2013-2014;13923;1986;0.14264167205343675
Rychnov nad Kněžnou;2014-2015;14294;2073;0.1450258849867077
Rychnov nad Kněžnou;2015-2016;14782;2373;0.16053308077391423
Rychnov nad Kněžnou;2016-2017;15226;2645;0.17371601208459214
Rychnov nad Kněžnou;2017-2018;15650;2846;0.18185303514376996
Rychnov nad Kněžnou;2018-2019;16033;3220;0.20083577621156365
Rychnov nad Kněžnou;2019-2020;16397;3511;0.21412453497591022
Rychnov nad Kněžnou;2020-2021;16719;3735;0.2233985286201328
Rychnov nad Kněžnou;2021-2022;16865;3941;0.23367921731396382
Rychnov nad Kněžnou;2022-2023;17135;3880;0.2264371170119638
Rychnov nad Kněžnou;2023-2024;17437;4102;0.23524688879967884
Rychnov nad Kněžnou;2024-2025;17577;3975;0.2261478067929681
Semily;2010-2011;12679;1696;0.13376449246786024
Semily;2011-2012;13123;1609;0.12260915949097005
Semily;2012-2013;13552;1736;0.128099173553719
Semily;2013-2014;13961;1994;0.14282644509705608
Semily;2014-2015;14375;2023;0.1407304347826087
Semily;2015-2016;14687;2128;0.1448900388098318
Semily;2016-2017;15192;2213;0.14566877303844128
Semily;2017-2018;15525;2271;0.14628019323671498
Semily;2018-2019;15812;2549;0.16120667847204656
Semily;2019-2020;16129;2819;0.1747783495566991
Semily;2020-2021;16274;2819;0.17322108885338577
Semily;2021-2022;16091;3202;0.1989932260269716
Semily;2022-2023;16394;3097;0.18891057704038064
Semily;2023-2024;16628;3335;0.20056531152273274
Semily;2024-2025;16696;3354;0.20088643986583612
Sokolov;2010-2011;12500;1658;0.13264
Sokolov;2011-2012;13026;1823;0.13995086749577768
Sokolov;2012-2013;13727;2000;0.14569825890580607
Sokolov;2013-2014;14371;2269;0.15788741214946767
Sokolov;2014-2015;14926;2403;0.16099423824199383
Sokolov;2015-2016;15406;2577;0.16727249123718033
Sokolov;2016-2017;15927;2858;0.17944371193570666
Sokolov;2017-2018;16323;3054;0.18709795993383568
Sokolov;2018-2019;16719;3559;0.212871583228662
Sokolov;2019-2020;16972;3941;0.23220598633042658
Sokolov;2020-2021;17096;4168;0.24379971923256902
Sokolov;2021-2022;17054;4516;0.26480591063680076
Sokolov;2022-2023;17316;4412;0.2547932547932548
Sokolov;2023-2024;17548;4549;0.2592318212901755
Sokolov;2024-2025;17651;4352;0.24655826865333408
Strakonice;2010-2011;11468;1426;0.12434600627833972
Strakonice;2011-2012;11842;1638;0.1383212295220402
Strakonice;2012-2013;12266;1690;0.13777922713190935
Strakonice;2013-2014;12634;1891;0.14967547886655058
Strakonice;2014-2015;12985;1994;0.1535618020793223
Strakonice;2015-2016;13337;2027;0.15198320461872986
Strakonice;2016-2017;13732;2340;0.17040489367899797
Strakonice;2017-2018;14080;2443;0.17350852272727274
Strakonice;2018-2019;14411;2708;0.18791201165776142
Strakonice;2019-2020;14798;3017;0.20387890255439925
Strakonice;2020-2021;15069;3203;0.21255557767602362
Strakonice;2021-2022;15265;3242;0.21238126433016705
Strakonice;2022-2023;15558;3476;0.22342203368042166
Strakonice;2023-2024;15826;3864;0.2441551876658663
Strakonice;2024-2025;15975;3937;0.24644757433489828
Středočeský kraj;2010-2011;186448;24011;0.12878121513773277
Středočeský kraj;2011-2012;195120;26074;0.13363058630586305
Středočeský kraj;2012-2013;203992;28678;0.14058394446841052
Středočeský kraj;2013-2014;212030;34095;0.160802716596708
Středočeský kraj;2014-2015;219811;35109;0.1597235807125212
Středočeský kraj;2015-2016;227290;38845;0.17090501121914733
Středočeský kraj;2016-2017;234968;43500;0.18513159238704846
Středočeský kraj;2017-2018;242551;46655;0.192351299314371
Středočeský kraj;2018-2019;249259;50934;0.20434166870604473
Středočeský kraj;2019-2020;255825;57297;0.22396951040750512
Středočeský kraj;2020-2021;260178;60862;0.23392446709560377
Středočeský kraj;2021-2022;262011;66711;0.25461144761097815
Středočeský kraj;2022-2023;267996;65568;0.244660368065195
Středočeský kraj;2023-2024;272447;71901;0.2639082096701377
Středočeský kraj;2024-2025;275321;70951;0.25770282688207585
Svitavy;2010-2011;15951;1626;0.1019371826217792
Svitavy;2011-2012;16611;1797;0.10818132562759616
Svitavy;2012-2013;17306;2041;0.11793597596209407
Svitavy;2013-2014;17946;2328;0.12972250083584086
Svitavy;2014-2015;18556;2379;0.128206510023712
Svitavy;2015-2016;19127;2475;0.12939823286453705
Svitavy;2016-2017;19828;3031;0.15286463586846882
Svitavy;2017-2018;20399;3329;0.16319427422912888
Svitavy;2018-2019;20816;3778;0.18149500384319753
Svitavy;2019-2020;21331;4389;0.20575687965871267
Svitavy;2020-2021;21507;4391;0.20416608546054774
Svitavy;2021-2022;21741;4808;0.22114898118761786
Svitavy;2022-2023;22027;4725;0.21450946565578607
Svitavy;2023-2024;22292;5097;0.2286470482684371
Svitavy;2024-2025;22465;5176;0.23040284887602938
Tachov;2010-2011;6693;1308;0.19542805916629313
Tachov;2011-2012;6997;1242;0.1775046448477919
Tachov;2012-2013;7403;1185;0.16007024179386736
Tachov;2013-2014;7745;1420;0.18334409296320206
Tachov;2014-2015;8114;1415;0.17438994330786295
Tachov;2015-2016;8447;1519;0.17982715757073517
Tachov;2016-2017;8799;1658;0.188430503466303
Tachov;2017-2018;9067;1822;0.2009484945406419
Tachov;2018-2019;9394;2056;0.21886310410900575
Tachov;2019-2020;9628;2247;0.23338180307436643
Tachov;2020-2021;9883;2197;0.2223009207730446
Tachov;2021-2022;9858;2513;0.25491986204098194
Tachov;2022-2023;10192;2364;0.23194662480376765
Tachov;2023-2024;10508;2519;0.23972211648267985
Tachov;2024-2025;10611;2487;0.23437941758552447
Teplice;2010-2011;18450;3240;0.17560975609756097
Teplice;2011-2012;19409;3438;0.17713431913030037
Teplice;2012-2013;20441;3941;0.19279878675211584
Teplice;2013-2014;21331;4376;0.20514743800103136
Teplice;2014-2015;22116;4309;0.194836317598119
Teplice;2015-2016;22816;4685;0.2053383590462833
Teplice;2016-2017;23535;5155;0.21903547907371998
Teplice;2017-2018;24091;5193;0.21555767714084098
Teplice;2018-2019;24597;5540;0.22523071919339757
Teplice;2019-2020;25150;5933;0.23590457256461234
Teplice;2020-2021;25376;6060;0.23880832282471626
Teplice;2021-2022;25255;6756;0.26751138388437934
Teplice;2022-2023;25717;6103;0.23731383909476222
Teplice;2023-2024;25907;6828;0.26355811170726057
Teplice;2024-2025;26029;6552;0.25171923623650544
Trutnov;2010-2011;18715;2116;0.11306438685546354
Trutnov;2011-2012;19589;2563;0.13083873602532034
Trutnov;2012-2013;20580;2831;0.13756073858114676
Trutnov;2013-2014;21391;3197;0.14945537843018092
Trutnov;2014-2015;22206;3428;0.1543726920652076
Trutnov;2015-2016;23152;3802;0.16421907394609536
Trutnov;2016-2017;23972;4203;0.17532955114300017
Trutnov;2017-2018;24651;4589;0.1861587765202223
Trutnov;2018-2019;25207;5040;0.1999444598722577
Trutnov;2019-2020;25695;5516;0.21467211519750926
Trutnov;2020-2021;25986;5642;0.21711690910490264
Trutnov;2021-2022;25863;6187;0.23922205467269844
Trutnov;2022-2023;26286;5972;0.22719318268279692
Trutnov;2023-2024;26475;6442;0.24332389046270067
Trutnov;2024-2025;26784;6332;0.23640979689366787
Tábor;2010-2011;17275;2302;0.1332561505065123
Tábor;2011-2012;17895;2426;0.13556859457949147
Tábor;2012-2013;18571;2652;0.14280329546066448
Tábor;2013-2014;19123;3083;0.16121947393191444
Tábor;2014-2015;19553;3123;0.15971973610187695
Tábor;2015-2016;20040;3246;0.16197604790419162
Tábor;2016-2017;20609;3617;0.175505846960066
Tábor;2017-2018;21172;3729;0.17612884942376725
Tábor;2018-2019;21662;4256;0.1964730865109408
Tábor;2019-2020;22117;4622;0.20897951801781436
Tábor;2020-2021;22332;4711;0.21095289271001255
Tábor;2021-2022;22644;5339;0.23577989754460343
Tábor;2022-2023;23093;5200;0.22517646039925518
Tábor;2023-2024;23472;5700;0.24284253578732107
Tábor;2024-2025;23793;5440;0.22863867524061698
Třebíč;2010-2011;17569;3723;0.2119073367863851
Třebíč;2011-2012;18244;3824;0.2096031572023679
Třebíč;2012-2013;18872;3754;0.19891903348876644
Třebíč;2013-2014;19405;4279;0.22051017778922957
Třebíč;2014-2015;19964;4594;0.23011420557002604
Třebíč;2015-2016;20606;4712;0.22867126079782588
Třebíč;2016-2017;21225;5277;0.24862190812720847
Třebíč;2017-2018;21781;5322;0.24434139846655342
Třebíč;2018-2019;22308;5798;0.25990675990675993
Třebíč;2019-2020;22807;6180;0.2709694392072609
Třebíč;2020-2021;23196;6296;0.2714261079496465
Třebíč;2021-2022;23541;6684;0.28393016439403596
Třebíč;2022-2023;23895;6457;0.2702238962125968
Třebíč;2023-2024;24288;6957;0.2864377470355731
Třebíč;2024-2025;24627;6787;0.27559183010516913
Uherské Hradiště;2010-2011;23583;3280;0.13908323792562438
Uherské Hradiště;2011-2012;24424;3735;0.1529233540779561
Uherské Hradiště;2012-2013;25161;4206;0.1671634672707762
Uherské Hradiště;2013-2014;25760;4968;0.19285714285714287
Uherské Hradiště;2014-2015;26364;4851;0.18400091033227128
Uherské Hradiště;2015-2016;27073;5548;0.2049274184611975
Uherské Hradiště;2016-2017;27752;6020;0.21692130296915538
Uherské Hradiště;2017-2018;28351;6344;0.22376635744770906
Uherské Hradiště;2018-2019;28930;6803;0.23515381956446596
Uherské Hradiště;2019-2020;29516;7538;0.2553869087952297
Uherské Hradiště;2020-2021;29827;7881;0.2642236899453515
Uherské Hradiště;2021-2022;30133;7848;0.26044535890883747
Uherské Hradiště;2022-2023;30684;7615;0.2481749445965324
Uherské Hradiště;2023-2024;31356;8190;0.26119402985074625
Uherské Hradiště;2024-2025;31823;7858;0.24692832228262576
Vsetín;2010-2011;22888;2307;0.10079517651170919
Vsetín;2011-2012;23638;2665;0.11274219477113123
Vsetín;2012-2013;24345;2765;0.11357568289176423
Vsetín;2013-2014;25213;3116;0.12358703843255464
Vsetín;2014-2015;25851;3237;0.12521759312985958
Vsetín;2015-2016;26420;3700;0.1400454201362604
Vsetín;2016-2017;27188;3952;0.14535824628512578
Vsetín;2017-2018;27903;4384;0.15711572232376447
Vsetín;2018-2019;28555;4845;0.16967256172299072
Vsetín;2019-2020;29209;5374;0.18398438837344655
Vsetín;2020-2021;29466;5496;0.1865200570148646
Vsetín;2021-2022;29586;5622;0.19002230784830662
Vsetín;2022-2023;30161;5356;0.1775803189549418
Vsetín;2023-2024;30617;5775;0.18862070091779076
Vsetín;2024-2025;30946;5512;0.17811671944677826
Vyškov;2010-2011;13662;2256;0.16512955643390426
Vyškov;2011-2012;14150;2323;0.1641696113074205
Vyškov;2012-2013;14621;2560;0.17509062307639697
Vyškov;2013-2014;15072;2802;0.1859076433121019
Vyškov;2014-2015;15466;2817;0.18214147161515581
Vyškov;2015-2016;15957;2878;0.18035971673873535
Vyškov;2016-2017;16456;3053;0.18552503646086535
Vyškov;2017-2018;16874;3347;0.19835249496266447
Vyškov;2018-2019;17217;3694;0.21455538130917118
Vyškov;2019-2020;17680;4371;0.24722850678733033
Vyškov;2020-2021;17954;4473;0.24913668263339644
Vyškov;2021-2022;18155;4449;0.24505645827595704
Vyškov;2022-2023;18417;4444;0.24129880002171905
Vyškov;2023-2024;18695;4669;0.2497459213693501
Vyškov;2024-2025;19008;4361;0.2294297138047138
Zlín;2010-2011;31690;5304;0.1673714105396024
Zlín;2011-2012;32795;5741;0.17505717334959597
Zlín;2012-2013;33772;5894;0.1745232737178728
Zlín;2013-2014;34493;6676;0.1935465166845447
Zlín;2014-2015;35393;6888;0.19461475432995226
Zlín;2015-2016;36361;7642;0.2101702373422073
Zlín;2016-2017;37400;8472;0.226524064171123
Zlín;2017-2018;38364;8945;0.23316129704931707
Zlín;2018-2019;39401;9626;0.24430852008832263
Zlín;2019-2020;40353;10821;0.2681585012266746
Zlín;2020-2021;40709;11733;0.2882163649315876
Zlín;2021-2022;41174;10760;0.26132996551221643
Zlín;2022-2023;41873;10505;0.25087765385809474
Zlín;2023-2024;42408;11241;0.2650679117147708
Zlín;2024-2025;42907;10564;0.2462069126249796
Zlínský kraj;2010-2011;95706;13743;0.1435960127891668
Zlínský kraj;2011-2012;98870;15263;0.15437443107110346
Zlínský kraj;2012-2013;101897;16313;0.16009303512370335
Zlínský kraj;2013-2014;104537;18548;0.17743000086093919
Zlínský kraj;2014-2015;107273;18699;0.17431226869762195
Zlínský kraj;2015-2016;110108;20879;0.18962291568278417
Zlínský kraj;2016-2017;113120;22632;0.20007072135785006
Zlínský kraj;2017-2018;115846;23993;0.20711116482226405
Zlínský kraj;2018-2019;118585;25688;0.2166209891638909
Zlínský kraj;2019-2020;121339;28515;0.23500276086006971
Zlínský kraj;2020-2021;122532;30241;0.24680083570006203
Zlínský kraj;2021-2022;123663;29365;0.23745987077783978
Zlínský kraj;2022-2023;125893;28493;0.2263271190614252
Zlínský kraj;2023-2024;127827;30609;0.2394564528620714
Zlínský kraj;2024-2025;129336;28992;0.2241603265912043
Znojmo;2010-2011;16392;2322;0.14165446559297218
Znojmo;2011-2012;17199;2601;0.1512297226582941
Znojmo;2012-2013;18003;2765;0.15358551352552352
Znojmo;2013-2014;18796;3489;0.1856246009789317
Znojmo;2014-2015;19501;3581;0.18363160863545458
Znojmo;2015-2016;20162;3925;0.1946731475052078
Znojmo;2016-2017;20839;4418;0.21200633427707663
Znojmo;2017-2018;21534;4938;0.22931178601281693
Znojmo;2018-2019;22102;5599;0.25332549090580037
Znojmo;2019-2020;22681;6238;0.2750319650809047
Znojmo;2020-2021;23119;6588;0.2849604221635884
Znojmo;2021-2022;23378;6803;0.2910000855505176
Znojmo;2022-2023;24004;6898;0.2873687718713548
Znojmo;2023-2024;24385;7272;0.29821611646504
Znojmo;2024-2025;24687;7287;0.295175598493134
Ústecký kraj;2010-2011;116990;21125;0.18057098897341653
Ústecký kraj;2011-2012;122843;22302;0.18154880619978347
Ústecký kraj;2012-2013;129612;23976;0.18498287195630034
Ústecký kraj;2013-2014;135334;27142;0.2005556622873779
Ústecký kraj;2014-2015;140543;27974;0.1990422859907644
Ústecký kraj;2015-2016;145466;30238;0.20786988024693057
Ústecký kraj;2016-2017;150338;33361;0.22190663704452634
Ústecký kraj;2017-2018;154560;34227;0.22144798136645963
Ústecký kraj;2018-2019;158049;37710;0.23859689083765162
Ústecký kraj;2019-2020;161527;40676;0.251821676871359
Ústecký kraj;2020-2021;162953;41495;0.25464397709769077
Ústecký kraj;2021-2022;163266;44941;0.27526245513456565
Ústecký kraj;2022-2023;165870;43635;0.2630674624706095
Ústecký kraj;2023-2024;167379;46180;0.27590079998088174
Ústecký kraj;2024-2025;167864;44101;0.26271862936663015
Ústí nad Labem;2010-2011;17088;2977;0.17421582397003746
Ústí nad Labem;2011-2012;18087;2881;0.15928567479405098
Ústí nad Labem;2012-2013;19204;3364;0.17517183920016663
Ústí nad Labem;2013-2014;20032;3862;0.1927915335463259
Ústí nad Labem;2014-2015;20883;4043;0.19360245175501603
Ústí nad Labem;2015-2016;21636;4440;0.20521353300055464
Ústí nad Labem;2016-2017;22402;4785;0.21359700026783324
Ústí nad Labem;2017-2018;23075;5214;0.2259588299024919
Ústí nad Labem;2018-2019;23556;5788;0.2457123450500934
Ústí nad Labem;2019-2020;23971;6153;0.2566851612364941
Ústí nad Labem;2020-2021;24029;6678;0.27791418702401266
Ústí nad Labem;2021-2022;24057;7071;0.2939269235565532
Ústí nad Labem;2022-2023;24311;6864;0.28234132697132985
Ústí nad Labem;2023-2024;24449;6981;0.285533150640108
Ústí nad Labem;2024-2025;24436;6794;0.27803241119659516
Ústí nad Orlicí;2010-2011;21047;3319;0.15769468332779019
Ústí nad Orlicí;2011-2012;22010;3640;0.16537937301226716
Ústí nad Orlicí;2012-2013;22961;3817;0.16623840425068595
Ústí nad Orlicí;2013-2014;23756;4435;0.18668967839703654
Ústí nad Orlicí;2014-2015;24540;4742;0.19323553382233088
Ústí nad Orlicí;2015-2016;25306;5203;0.20560341421006875
Ústí nad Orlicí;2016-2017;26079;5743;0.2202154990605468
Ústí nad Orlicí;2017-2018;26916;6062;0.22521920047555358
Ústí nad Orlicí;2018-2019;27600;6748;0.2444927536231884
Ústí nad Orlicí;2019-2020;28110;7323;0.26051227321237996
Ústí nad Orlicí;2020-2021;28519;7405;0.25965146042988885
Ústí nad Orlicí;2021-2022;28591;7755;0.27123920114721417
Ústí nad Orlicí;2022-2023;29086;7499;0.25782163240046757
Ústí nad Orlicí;2023-2024;29542;7878;0.26667118001489404
Ústí nad Orlicí;2024-2025;29800;7645;0.25654362416107385
Česká Lípa;2010-2011;12984;2083;0.16042821934688847
Česká Lípa;2011-2012;13834;2408;0.17406390053491397
Česká Lípa;2012-2013;14810;2651;0.17900067521944632
Česká Lípa;2013-2014;15706;2997;0.19081879536482874
Česká Lípa;2014-2015;16506;3189;0.19320247182842604
Česká Lípa;2015-2016;17371;3604;0.2074722238213114
Česká Lípa;2016-2017;18073;3827;0.21175233774138216
Česká Lípa;2017-2018;18666;4000;0.21429336762027215
Česká Lípa;2018-2019;19215;4070;0.21181368722352328
Česká Lípa;2019-2020;19772;4464;0.22577382156585069
Česká Lípa;2020-2021;20113;4501;0.2237856112961766
Česká Lípa;2021-2022;20410;4853;0.23777560019598237
Česká Lípa;2022-2023;20781;4794;0.2306914970405659
Česká Lípa;2023-2024;21004;5283;0.2515235193296515
Česká Lípa;2024-2025;21143;5192;0.24556590833845718
Česká republika;2010-2011;1635826;277508;0.16964395968764404
Česká republika;2011-2012;1701436;290268;0.17060177403087745
Česká republika;2012-2013;1767618;302499;0.1711336951762202
Česká republika;2013-2014;1825544;341764;0.18721214060028135
Česká republika;2014-2015;1880406;343301;0.18256748808501994
Česká republika;2015-2016;1932412;363349;0.1880287433528668
Česká republika;2016-2017;1988922;390717;0.19644661781608327
Česká republika;2017-2018;2040183;407735;0.19985217012395456
Česká republika;2018-2019;2086617;442864;0.212240195493471
Česká republika;2019-2020;2131630;483845;0.2269835759489217
Česká republika;2020-2021;2158322;509311;0.2359754475930839
Česká republika;2021-2022;2169109;538692;0.2483471323939922
Česká republika;2022-2023;2207849;529631;0.2398855175331284
Česká republika;2023-2024;2237322;569426;0.25451231427572785
Česká republika;2024-2025;2255887;554507;0.24580442194134725
České Budějovice;2010-2011;28470;4783;0.16800140498770635
České Budějovice;2011-2012;29755;5314;0.17859183330532682
České Budějovice;2012-2013;30930;5396;0.17445845457484643
České Budějovice;2013-2014;31977;6285;0.19654751852894267
České Budějovice;2014-2015;32979;6193;0.18778616695472877
České Budějovice;2015-2016;33902;6589;0.1943543153796236
České Budějovice;2016-2017;35030;6958;0.19862974593205823
České Budějovice;2017-2018;36070;7313;0.20274466315497644
České Budějovice;2018-2019;37101;7998;0.21557370421282446
České Budějovice;2019-2020;38014;8693;0.22867890777082128
České Budějovice;2020-2021;38628;9836;0.2546339442891167
České Budějovice;2021-2022;39206;9904;0.2526143957557517
České Budějovice;2022-2023;40061;10392;0.259404408277377
České Budějovice;2023-2024;40643;10897;0.2681150505622124
České Budějovice;2024-2025;41017;10023;0.24436209376599946
Český Krumlov;2010-2011;7885;1014;0.1285986049461002
Český Krumlov;2011-2012;8281;1020;0.12317352976693637
Český Krumlov;2012-2013;8787;1242;0.1413451689996586
Český Krumlov;2013-2014;9237;1423;0.15405434664934503
Český Krumlov;2014-2015;9653;1389;0.14389309023101626
Český Krumlov;2015-2016;9976;1817;0.18213712910986368
Český Krumlov;2016-2017;10348;1946;0.18805566293003478
Český Krumlov;2017-2018;10675;1913;0.17920374707259953
Český Krumlov;2018-2019;11025;2228;0.20208616780045352
Český Krumlov;2019-2020;11401;2279;0.1998947460749057
Český Krumlov;2020-2021;11657;2729;0.2341082611306511
Český Krumlov;2021-2022;11654;2750;0.23597048223785824
Český Krumlov;2022-2023;12042;2689;0.2233017771134363
Český Krumlov;2023-2024;12325;2946;0.239026369168357
Český Krumlov;2024-2025;12448;2852;0.22911311053984576
Šumperk;2010-2011;19226;3167;0.16472485176323728
Šumperk;2011-2012;19967;3183;0.15941303150197828
Šumperk;2012-2013;20789;3401;0.1635961325701092
Šumperk;2013-2014;21623;3781;0.1748601026684549
Šumperk;2014-2015;22464;3803;0.16929309116809116
Šumperk;2015-2016;23203;3907;0.16838339869844415
Šumperk;2016-2017;23981;4560;0.19015053584087402
Šumperk;2017-2018;24623;4501;0.18279657231044147
Šumperk;2018-2019;25180;5057;0.20083399523431295
Šumperk;2019-2020;25749;5457;0.21193056041011302
Šumperk;2020-2021;26084;5209;0.19970096610949242
Šumperk;2021-2022;26409;6056;0.22931576356545116
Šumperk;2022-2023;26875;5782;0.21514418604651162
Šumperk;2023-2024;27233;6037;0.22167957992141887
Šumperk;2024-2025;27469;5762;0.20976373366340237
Žďár nad Sázavou;2010-2011;18702;3268;0.17474066944711797
Žďár nad Sázavou;2011-2012;19337;3265;0.16884728758338935
Žďár nad Sázavou;2012-2013;20022;3597;0.1796523823793827
Žďár nad Sázavou;2013-2014;20658;4004;0.19382321618743345
Žďár nad Sázavou;2014-2015;21172;3999;0.18888154165879464
Žďár nad Sázavou;2015-2016;21622;4345;0.2009527333271668
Žďár nad Sázavou;2016-2017;22177;4535;0.20449113946881906
Žďár nad Sázavou;2017-2018;22690;4880;0.2150727192595857
Žďár nad Sázavou;2018-2019;23206;5215;0.22472636387141257
Žďár nad Sázavou;2019-2020;23519;5626;0.23921085080147966
Žďár nad Sázavou;2020-2021;23809;5877;0.24683943046747028
Žďár nad Sázavou;2021-2022;24027;6195;0.2578349356973405
Žďár nad Sázavou;2022-2023;24465;6126;0.2503985285101165
Žďár nad Sázavou;2023-2024;24943;6395;0.25638455678948
Žďár nad Sázavou;2024-2025;25197;6260;0.24844227487399292
